client_id,full_name,city,state
1,David Meyer,Walkertown,AR
2,Dustin Romero,Pattonfurt,GA
3,David Mullen,Robertmouth,OK
4,Kevin Mcmillan,North Lindsey,FL
5,Denise Erickson,Dawnmouth,SD
6,Jason Mitchell,North Dana,NC
7,Angela Mejia,Wardside,MI
8,Terry Lopez,Lake Robertofurt,MD
9,Stephanie Jefferson,Lake Jonathan,WV
10,Elizabeth Bell,Markburgh,KS
11,Chelsea Jones,Alicialand,NJ
12,Nichole Case,New Kristen,FL
13,Christopher Erickson,Port Lorrainehaven,WA
14,Tina Levy,Port Heatherport,AR
15,Michael Allen,Karenville,VA
16,Christopher Weaver,New Ashleyshire,ME
17,William Williams,East Kennethberg,SD
18,Renee Warren,Port Darleneville,MI
19,Christopher Edwards,Lake Monica,MN
20,Mackenzie Davidson,Chapmanland,CA
21,Derek Myers,South Steven,MN
22,Karla Solomon,Hernandezmouth,OR
23,Mary Ritter,Daniellemouth,CO
24,Dr. Alexander Herrera,Robertsonburgh,UT
25,Natalie Odom,Randallhaven,PW
26,Sandra Sandoval,West Doris,FL
27,Chelsea Richards,Port Nancychester,CO
28,Miguel Nelson,West Jessica,MT
29,Natalie Flores,Edwardfort,WY
30,Kenneth Moyer,South Beth,DE
31,Alejandro Lyons,Ashleyside,IN
32,Angela Mcguire,Nathanielside,WV
33,Heather Bennett,Jasonmouth,NH
34,Taylor Savage,East Jessicaport,MS
35,Jacob Obrien,Smithview,MD
36,Cory Oliver,Shaneland,FM
37,Maria Garcia,East James,PW
38,Elizabeth Blankenship,New Laura,MT
39,Angela Norris,Shelbyport,MI
40,Jessica Daniels,Jonesbury,MP
41,Lisa Hoffman,West Jennifer,ID
42,Brett Smith,Donaldstad,AR
43,Colin Bolton,North Deborah,TX
44,Sarah Bowman,Jeffreybury,AK
45,Lisa Bryant,North Victoria,ME
46,Amber Crane,Carolville,NV
47,Janet Moore,South Lisa,SC
48,Stephanie Lynn,Adamshire,MI
49,Jessica Larson,South Michaelbury,KY
50,Brittney Smith,Jordanside,OK
51,Amanda Howard,Lauraside,MO
52,Jason Mercer,Williammouth,OR
53,Benjamin Warner,Stephensmouth,TN
54,Kayla Neal,Keithfort,RI
55,Sierra Smith,New Jacquelinemouth,GA
56,Laura Thomas,South Lindsey,OR
57,Cheryl Meadows,North Garyfort,WI
58,Vanessa Fernandez,East Katherineborough,MT
59,Casey Velazquez,South Terrencehaven,CA
60,Sarah Edwards,South Samantha,IA
61,George Wilson,Robertchester,UT
62,Jordan Preston,Annetteview,CO
63,Morgan Berger,Michelleland,IA
64,Kevin Meza,Lake Andrea,KS
65,Judith Bell,West Sherihaven,MP
66,David Hill,Danielville,ID
67,Rachel Patterson,Cohenport,MH
68,James Martinez,Port Phillipbury,SC
69,Kristy Swanson,West Lindamouth,WA
70,Nicholas Gutierrez,West Brandy,NE
71,Daniel Wright,North Tony,MP
72,Lisa Perry,Leeland,AK
73,Renee Shepherd,East Bobby,WI
74,Jennifer Porter,Rodriguezborough,IN
75,Jacob Spencer,South Hectortown,CO
76,Kristina Guzman,Rodriguezberg,CO
77,William Cox,New Sheenaton,HI
78,Joseph Baker,Katiehaven,HI
79,Lisa Turner,Heiditon,UT
80,Thomas Armstrong,East Aaron,OR
81,Jennifer Baker,North Kristen,UT
82,Richard Fuentes,Lake Phillip,WV
83,Katherine Clark,Port Mercedesstad,WY
84,Debbie Bennett,South Joshuaport,WY
85,Amanda Hayden,South Brianhaven,KY
86,Jeffrey Obrien,Lake Heather,PW
87,Sara Thompson,Alanmouth,NM
88,Kelly Marshall,Gavintown,MP
89,Gary Sanders,Alisonton,UT
90,Billy Houston,Port Leonardberg,AL
91,Zachary Hernandez,Bradleyhaven,ME
92,Michael Brooks,West Michael,CA
93,Christopher Mcintyre,Michaelview,UT
94,Victoria Ramirez,West Melissaside,LA
95,Donald Wheeler,Brianstad,NE
96,Amanda Cooper,Lake Sarahchester,ND
97,Richard Ward Jr.,Jeremytown,DE
98,Robert Stephens,Martinhaven,LA
99,Brian Taylor,Lake Kurt,GU
100,Roberta Morris,Wilsonville,KY
